user/id,user/name,user/profilePic,user/profileUrl,text,likesCount,sharesCount,commentsCount,date,url
61553477674401,gulsan goyal,https://scontent-man2-1.xx.fbcdn.net/v/t39.30808-1/433144332_122136641378115922_7653742139043769951_n.jpg?stp=cp0_dst-jpg_p40x40&_nc_cat=104&ccb=1-7&_nc_sid=50d2ac&_nc_ohc=eyul5fnbracq7knvgfb9spu&_nc_ht=scontent-man2-1.xx&oh=00_aydnwqn3cpxhivr0e5vxsjiuz_tofjw56dfzwejyen1qda&oe=66c1f441,https://www.facebook.com/people/gulsan-goyal/61553477674401/,"order food outside ♥ ️ 
  short order domino",6579,75,36,2024 08 08t06:16:19.000z,https://www.facebook.com/reel/873964974163661/
100064724977055,woman ruby,https://scontent-man2-1.xx.fbcdn.net/v/t39.30808-1/454398255_896895105811314_8428467127086548601_n.jpg?stp=cp0_dst-jpg_p40x40&_nc_cat=107&ccb=1-7&_nc_sid=f4b9fd&_nc_ohc=_cv-39otesiq7knvggargiy&_nc_ht=scontent-man2-1.xx&oh=00_aybfrpkqft9pkrrqljcowqlxcmvxxy0a7fift_ohfq55qw&oe=66c1bfd2,https://www.facebook.com/womenofrubie,"humanity kindness 

 womenofrubies.com womenofrubie 

 womensupportingwoman domino reel fooddelivery herstory",224085,12055,5129,2023 05 08t15:24:41.000z,https://www.facebook.com/reel/1652666635206400/
100063653075895,jamaica uncut,https://scontent-man2-1.xx.fbcdn.net/v/t39.30808-1/365648960_766007582197671_5442535106099634651_n.jpg?stp=cp0_dst-jpg_p40x40&_nc_cat=100&ccb=1-7&_nc_sid=f4b9fd&_nc_ohc=x14a_ywjixgq7knvgebsh8c&_nc_ht=scontent-man2-1.xx&oh=00_aydcg6ubr4xpvgcvp4nyx83dfnslk5q9dyk5rvgmeyqkkq&oe=66c1c8b6,https://www.facebook.com/jamaicauncut,"wait 
 
 
 domino jamaicans jamaica",13363,2146,682,2024 06 10t01:26:02.000z,https://www.facebook.com/reel/1463320370954830/
100093731443572,fredrick wolski,https://scontent-man2-1.xx.fbcdn.net/v/t39.30808-1/352802031_108285318972516_3029581293672533642_n.jpg?stp=cp0_dst-jpg_p40x40&_nc_cat=103&ccb=1-7&_nc_sid=50d2ac&_nc_ohc=lio9ujalxsgq7knvgf2pkys&_nc_ht=scontent-man2-1.xx&oh=00_aya9c5vdmrx0_l0vzmaskxmg1suhbeg7a-oc2dzmsefuxw&oe=66c1c98a,https://www.facebook.com/cookingwithfr3d,shaun shearly delightful baa gherita pizza sheepishly good shaun sheep shaunthesheep netflix pizza pizzalover pizzatime pizzahut domino dominospizza fyp,15874,312,91,2024 06 11t15:44:50.000z,https://www.facebook.com/reel/432110709595805/
100093001380076,kitchen fred,https://scontent-man2-1.xx.fbcdn.net/v/t39.30808-1/346656016_1369666940492452_6808212430144537442_n.jpg?stp=c4.0.40.40a_cp0_dst-jpg_p40x40&_nc_cat=111&ccb=1-7&_nc_sid=f4b9fd&_nc_ohc=6na8xnbqnfwq7knvggnvgqe&_nc_ht=scontent-man2-1.xx&oh=00_ayb6akkcj0ctgjxzvny8yuuw9oc5r8_ckx0kwybkvmhpkw&oe=66c1bdc5,https://www.facebook.com/people/kitchen-with-fred/100093001380076/,shaun shearly delightful baa gherita pizza sheepishly good shaun sheep shaunthesheep netflix pizza pizzalover pizzatime pizzahut domino dominospizza fyp,1163,43,6,2024 06 21t16:25:59.000z,https://www.facebook.com/reel/7796272937095979/
100068668614602,issa kalfon,https://scontent-man2-1.xx.fbcdn.net/v/t39.30808-1/438096470_755092490123031_306062534574881929_n.jpg?stp=cp0_dst-jpg_p40x40&_nc_cat=102&ccb=1-7&_nc_sid=f4b9fd&_nc_ohc=zjg-iyo19ckq7knvggt-bxl&_nc_ht=scontent-man2-1.xx&oh=00_aydewtxz7um7oz9gdwrbnwbmqzxshjavqxruxhnf1rh8jg&oe=66c1d942,https://www.facebook.com/people/issa-kalfon/100068668614602/,"express delivery 
 
 
 
 throwback work shoot domino year glastonburyfestival laugh 
 
 
 pizza jetsuit jetpack",83733,18578,2803,2024 07 07t15:10:44.000z,https://www.facebook.com/reel/2052889168442242/
100070055490393,woodland creation,https://scontent.fosu2-1.fna.fbcdn.net/v/t39.30808-1/331494183_1376848479799802_7572473100533296643_n.jpg?stp=cp0_dst-jpg_p40x40&_nc_cat=105&ccb=1-7&_nc_sid=f4b9fd&_nc_ohc=yjueawvp9fkq7knvgedmy_i&_nc_ht=scontent.fosu2-1.fna&oh=00_aya6p8oop1dyeww91-ocaddhu_1qg1ec5wyfx_9dograiq&oe=66c1cff4,https://www.facebook.com/woodlandcreations8,mess domino placement ？ fix woodworke wood learnfromme learnwithtiktok learnontiktok domino tip,18543,140,428,2023 08 23t15:26:56.000z,https://www.facebook.com/reel/760443892504681/
100044412884595,veggie paaji,https://scontent.fosu2-1.fna.fbcdn.net/v/t1.6435-1/145198940_259558688867892_6385097794709371134_n.jpg?stp=cp0_dst-jpg_p40x40&_nc_cat=105&ccb=1-7&_nc_sid=f4b9fd&_nc_ohc=wn7-1fhfsmsq7knvghuz_wj&_nc_ht=scontent.fosu2-1.fna&oh=00_ayafttxt781u2xfet9wfnepf2h6dgtiu_hi6izkbi6rywq&oe=66e3638d,https://www.facebook.com/veggiepaaji,dominos ka luxury pizza   veggiepaaji domino reelsindia foodreel viralreel,28770,70,87,2022 12 05t15:44:47.000z,https://www.facebook.com/reel/699077651524737/
61555821160409,kayleigh eat,https://scontent.fosu2-1.fna.fbcdn.net/v/t39.30808-1/424721782_122109120242194038_3327614612867952095_n.jpg?stp=cp0_dst-jpg_p40x40&_nc_cat=107&ccb=1-7&_nc_sid=f4b9fd&_nc_ohc=q4alspcaskoq7knvghyml9r&_nc_ht=scontent.fosu2-1.fna&oh=00_ayatafofzqnh7eb_7w_czx9tcegptfbaku0u7cqjalyxxw&oe=66c1cd70,https://www.facebook.com/people/kayleigh-eats/61555821160409/,favorite pizza pizza fastfood fastfoodlife foodie foodtiktok tastet foodreview mukbang eatwithme papajohns domino pizzahut foodporn foodblogger foodstagram foodgasm foodgram reel reelsinstagram,5119,86,1166,2024 04 13t17:40:45.000z,https://www.facebook.com/reel/744545087794146/
100064290960717,pratiti sonika,https://scontent.fosu2-1.fna.fbcdn.net/v/t39.30808-1/292606672_403247038494992_1243182292321084033_n.jpg?stp=cp0_dst-jpg_p40x40&_nc_cat=102&ccb=1-7&_nc_sid=f4b9fd&_nc_ohc=hqibdjjdveuq7knvghfjtyh&_nc_ht=scontent.fosu2-1.fna&oh=00_aydqvhcgs0fnq0bgo9rp-sxjpkf-85thmbbl6yc0ops9cg&oe=66c1d40e,https://www.facebook.com/people/pratiti-and-sonika/100064290960717/,"কলকাতার মানুষ উত্তরবঙ্গ কে যা ভাবে northbengal siliguri ad new user organise party low budget friend yes huge discount domino pizza link promocode make party lets know -click link bio -download domino application -choose pizza product -use promo code discount free delivery ⬇ ️ promo code zen2091 give r 80 order mov r 199 
  promo codevibe6178 give 40 discount order start ₹ 350 ₹ 120 
 promo code max2089   give r 200 order mov rs 599 order right   discountonfood discountonfoodbill discoutonfoodanddrink indianrestaurant indianrestaurant cheesy domino dominospizza trendingreel",8411,497,671,2024 04 28t08:17:30.000z,https://www.facebook.com/100064290960717/videos/464285356048309/
100067080068900,jalopy_jeff,https://scontent-hou1-1.xx.fbcdn.net/v/t39.30808-1/281521562_328961749322695_5888042515919025985_n.jpg?stp=cp0_dst-jpg_p40x40&_nc_cat=1&ccb=1-7&_nc_sid=f4b9fd&_nc_ohc=hyg9xrlxfdgq7knvggpb1tx&_nc_ht=scontent-hou1-1.xx&oh=00_aych_mnn1rupsw9eym_a1opuj6y7-7cr9ttdac15lb4e9a&oe=66c1ea66,https://www.facebook.com/jalopyjeff.fb,"rotary powered dominos pizza delivery 

 domino rotary brap rotaryengine",16042,2583,708,2023 12 11t15:29:03.000z,https://www.facebook.com/reel/1536660797153305/
100076859062536,megha chaube,https://scontent-hou1-1.xx.fbcdn.net/v/t39.30808-1/332162353_1170561323663952_1739050498350067999_n.jpg?stp=cp6_dst-jpg_p40x40&_nc_cat=111&ccb=1-7&_nc_sid=f4b9fd&_nc_ohc=tdy3mbp6lv8q7knvgghwbww&_nc_ht=scontent-hou1-1.xx&oh=00_aybgvw60f_ztaithj_npuljhigjne_xtibau1e_bjqr4sg&oe=66c1daf8,https://www.facebook.com/meghachaube01,"spicy cheese pizza️ 
 
 
 short trendingshort foodlover pizza pizzalover domino tasty viral meghachaube",19292,11,20,2023 10 16t14:05:09.000z,https://www.facebook.com/reel/251570450802985/
100064572047090,mr. chimetime,https://scontent-hou1-1.xx.fbcdn.net/v/t39.30808-1/350632130_969319024263167_2416535618798703156_n.jpg?stp=cp6_dst-jpg_p40x40&_nc_cat=1&ccb=1-7&_nc_sid=f4b9fd&_nc_ohc=9wmw-ity1maq7knvgeylbgb&_nc_ht=scontent-hou1-1.xx&oh=00_ayasfj12ouwg7o2hrqnqhdb_q8t8kjyq8ms-8xdfp0oqbq&oe=66c1edb1,https://www.facebook.com/mr.chimetime,try domino pizza mix match deal   ad ncfoodie travelfoodie mukbang tastet foodreview foodcritic domino,7081,221,740,2023 12 23t01:06:43.000z,https://www.facebook.com/reel/315724671431606/
100088928943568,karissaeat,https://scontent-hou1-1.xx.fbcdn.net/v/t39.30808-1/320222307_899071741503240_5793779928849548368_n.jpg?stp=c0.1.40.40a_cp0_dst-jpg_p40x40&_nc_cat=102&ccb=1-7&_nc_sid=f4b9fd&_nc_ohc=qkksw6yrygcq7knvghasa6v&_nc_ht=scontent-hou1-1.xx&oh=00_ayau61ab97gkvc7yay71q-1usgpgkj-ddwm5tv8lkg07_g&oe=66c1bd65,https://www.facebook.com/karissaeatsfb,eat domino new zealand foodie reel newzealand domino pizza eat fastfood,20700,122,95,2023 03 17t20:05:23.000z,https://www.facebook.com/reel/166708532852767/
100092992715820,jelly bean sweet,https://scontent-hou1-1.xx.fbcdn.net/v/t39.30808-1/376578379_201154816314122_6306306846154372225_n.jpg?stp=cp0_dst-jpg_p40x40&_nc_cat=110&ccb=1-7&_nc_sid=f4b9fd&_nc_ohc=qlacgrs4hasq7knvgfsouoe&_nc_ht=scontent-hou1-1.xx&oh=00_ayarozvph5gnteqzytxarlskuzkf78doswllpj0vrxawcq&oe=66c1c9bd,https://www.facebook.com/people/jelly-bean-sweets/100092992715820/,mukbang pizza domino newyorkstyle cheesecake cake lavacake sauce food#foodie mukbang eatingasmr#eating#eat,324,4,58,2024 08 07t11:37:12.000z,https://www.facebook.com/reel/506808708528954/
61563398717201,marble chain,https://scontent-man2-1.xx.fbcdn.net/v/t39.30808-1/454298602_122106392696446623_4518694975268429700_n.jpg?stp=c0.7.40.40a_cp0_dst-jpg_p40x40&_nc_cat=109&ccb=1-7&_nc_sid=f4b9fd&_nc_ohc=fwvdihtjxt0q7knvgg6m9ew&_nc_ht=scontent-man2-1.xx&oh=00_ayaiym7bdocdf8qdkd5fwacfdybvko7ntg9i7xk6be7waq&oe=66c1c85a,https://www.facebook.com/people/marble-chain/61563398717201/,marble chain reaction table marblerun rubegoldberg rubegoldbergmachine domino asmr,741,122,19,2024 08 08t18:43:45.000z,https://www.facebook.com/reel/582028197486694/
100063625120822,izzy insane,https://scontent-man2-1.xx.fbcdn.net/v/t39.30808-1/409223627_845127197618110_3307213158692238897_n.jpg?stp=cp6_dst-jpg_p40x40&_nc_cat=104&ccb=1-7&_nc_sid=f4b9fd&_nc_ohc=6eypeqg01sqq7knvgeerl3u&_nc_ht=scontent-man2-1.xx&oh=00_ayc-1zglj-z7oglmpgg4hfvfijhnw74m2tz-nus4hwx1ma&oe=66c1e24b,https://www.facebook.com/izzyinsaneofficial,work domino like domino pizza customerservice reel fastfood foryou dominospizza comedyreel comedyskit pizzatime,3014,142,224,2024 03 23t01:29:53.000z,https://www.facebook.com/reel/651582150427206/
100044365482107,corbucci eat,https://scontent-man2-1.xx.fbcdn.net/v/t39.30808-1/275449130_504422307713281_8876236734513186296_n.jpg?stp=cp0_dst-jpg_p40x40&_nc_cat=1&ccb=1-7&_nc_sid=f4b9fd&_nc_ohc=j7rzmxr7ovsq7knvgfjtwrq&_nc_ht=scontent-man2-1.xx&oh=00_aybsjs_rjaxmw1s8iffsyzhpdatoyfofzlmjsvznluhlww&oe=66c1c2ac,https://www.facebook.com/corbuccieat,comi uma pizza inteira em menos de um minuto short pizza dominos   recordemundial,7309,40,122,2024 03 30t15:04:42.000z,https://www.facebook.com/corbuccieats/videos/934680187921948/
100080034169654,car performance,https://scontent-man2-1.xx.fbcdn.net/v/t39.30808-1/335425761_657752739688796_5929774419056669540_n.jpg?stp=cp0_dst-jpg_p40x40&_nc_cat=101&ccb=1-7&_nc_sid=f4b9fd&_nc_ohc=x-zk9p_6c2qq7knvggcw6ve&_nc_ht=scontent-man2-1.xx&oh=00_ayarrkzusocbywai20xh4j9db0-oekzz9ckwxjsw6ylb3q&oe=66c1e3cd,https://www.facebook.com/people/car-performance/100080034169654/,dominos coupon code domino pizza coupon fintok moneytok johnsfinancetip,12866,2570,410,2024 03 06t06:34:17.000z,https://www.facebook.com/reel/1071197150775532/
100014380143322,stan van gorden,https://scontent-man2-1.xx.fbcdn.net/v/t39.30808-1/444139533_1824562438033077_4231602466305503137_n.jpg?stp=cp0_dst-jpg_p40x40&_nc_cat=105&ccb=1-7&_nc_sid=50d2ac&_nc_ohc=8vprswb0dgaq7knvgers-jm&_nc_ht=scontent-man2-1.xx&oh=00_aydk00tdnszhdd-dzyfvqmankezadlhqtttd8wz5oujz2q&oe=66c1c460,https://www.facebook.com/intisar.basha.7,4 dominos pizza challenge asmr asmrsound asmrtiktok asmrfood asmreate mukbang mukbangeatingshow mukbang mukbangvideo eat eat eatingshow eatfood eatingsound eatingasmr goodfood domino pizza   video youtube bandana.eats1,596,14,53,2024 07 22t20:03:17.000z,https://www.facebook.com/reel/500250285726102/
100037768264156,mammas doll namrata saha,https://scontent-man2-1.xx.fbcdn.net/v/t39.30808-1/452449362_1166341731301425_8148456727067083606_n.jpg?stp=cp0_dst-jpg_p40x40&_nc_cat=107&ccb=1-7&_nc_sid=50d2ac&_nc_ohc=pk0x17nq8i8q7knvgfxzkpn&_nc_ht=scontent-man2-1.xx&oh=00_aycbtkeaexbicma2kdwbgvf-ysrzbotuvop7tuvqu2pgxw&oe=66c1f356,https://www.facebook.com/mammasdollnamrata.saha,sangita sarkar 1millio foll foll domino viral agartala papular friendshipgoal,35,0,29,2024 08 07t05:29:38.000z,https://www.facebook.com/reel/1188928605770326/
100086251283669,sharif ceasar,https://scontent.fpgz1-1.fna.fbcdn.net/v/t39.30808-1/384127782_286834960868211_3655629926291859276_n.jpg?stp=cp0_dst-jpg_p40x40&_nc_cat=1&ccb=1-7&_nc_sid=50d2ac&_nc_ohc=mlkeb7l_ociq7knvgfaloca&_nc_ht=scontent.fpgz1-1.fna&oh=00_aycthstwi3tgsj_h0hzbtop4fyzvnwpo4ctvajzdajmc1a&oe=66c1db7b,https://www.facebook.com/threalmelaninking,50 discount domino savemoney domino,5419,2698,211,2023 10 14t22:13:00.000z,https://www.facebook.com/reel/1284429522438486/
100044509353138,jaron myers,https://scontent.fpgz1-1.fna.fbcdn.net/v/t1.6435-1/145761459_259818798845097_8825462172930710444_n.jpg?stp=cp0_dst-jpg_p40x40&_nc_cat=106&ccb=1-7&_nc_sid=616b0e&_nc_ohc=en4hkbbhzyyq7knvghuqbpt&_nc_ht=scontent.fpgz1-1.fna&oh=00_aydioolhala5fygt6qwiexmp5u9cn2yukcp1eehtnvujoq&oe=66e375e1,https://www.facebook.com/jaronmyerscomedy,order pizza different place make race finish thing learn night live delivery domino pizzahut pizza deliverydriver doordash amazon podcast liveshow standup standupcomedy reel comedyreel win,21779,1162,122,2023 03 30t23:04:00.000z,https://www.facebook.com/reel/1906097856419183/
100069840194827,parul university,https://scontent.fpgz1-1.fna.fbcdn.net/v/t39.30808-1/332467153_3418685935011195_1158729619444372650_n.jpg?stp=cp0_dst-jpg_p40x40&_nc_cat=1&ccb=1-7&_nc_sid=f4b9fd&_nc_ohc=jvc7g23avxqq7knvghu8idp&_nc_ht=scontent.fpgz1-1.fna&oh=00_aybngd4zm4n8kyhgha_jivjkicio9lhdxxtgwdqzqfyp-a&oe=66c1e64a,https://www.facebook.com/paruluniversity,"favorite campus spot get cheesy upgrade 

 way new food spot campus domino pizza situate opposite size zero outlet perfect answer craving add excitement fortune 500 company arrive campus 

 warning album contain fresh hot pizza slice fresh warm smile 

 domino dominospizza paruluniversity lifeatpu pizza",220,10,4,2024 08 09t09:52:35.000z,https://www.facebook.com/paruluniversity/posts/pfbid0g3mf9s9jdtqqycqsvchtfrefuqzxafihab9wcwdhkb3xzquw5pnhrdbmk8bpaye7l
100065232962708,westerhope convenience store,https://scontent.fpgz1-1.fna.fbcdn.net/v/t39.30808-1/420271431_787484880102604_4619162810397711060_n.jpg?stp=cp0_dst-jpg_p40x40&_nc_cat=105&ccb=1-7&_nc_sid=f4b9fd&_nc_ohc=5j00hz5vuvaq7knvggd2nmf&_nc_ht=scontent.fpgz1-1.fna&oh=00_aycpyx5v5odypftrqwjvxeluws8cn7mxg4ochfwaks2zpw&oe=66c1dbf5,https://www.facebook.com/people/westerhope-convenience-store/100065232962708/,unreal westerhope dominos let dominospizza domino pizza westerhope newcastle toon,57,3,15,2024 08 05t17:29:16.000z,https://www.facebook.com/100065232962708/videos/395014906528075/
61559792516092,susesse vent,https://scontent.fpgz1-1.fna.fbcdn.net/v/t39.30808-1/442379045_122095644230326417_2986881814472186842_n.png?stp=cp0_dst-png_p40x40&_nc_cat=100&ccb=1-7&_nc_sid=f4b9fd&_nc_ohc=q95ayn16hpiq7knvghwzpqt&_nc_ht=scontent.fpgz1-1.fna&oh=00_ayahrl6zbecwaxfnovts5rozuhhhvt8uy5qaatawo8r0ta&oe=66c1be1d,https://www.facebook.com/people/susesse-vent/61559792516092/,marble chain reaction table   marblerun asmr rubegoldbermachine domino,353,0,5,2024 08 09t07:00:01.000z,https://www.facebook.com/reel/1234847474197037/
100093362952516,lego_respect,https://scontent.fpgz1-1.fna.fbcdn.net/v/t39.30808-1/352181136_252066040806295_1636826620809741035_n.jpg?stp=cp0_dst-jpg_p40x40&_nc_cat=102&ccb=1-7&_nc_sid=f4b9fd&_nc_ohc=ljonbewzhqiq7knvgh16tcy&_nc_ht=scontent.fpgz1-1.fna&oh=00_ayceftbeugkxxvzayqrpzzg3ahoyyra2vdgbeksvjreaba&oe=66c1dbe0,https://www.facebook.com/people/lego_respect/100093362952516/,trammel archimedes slider center slider fix channel rotate result essentially pair gear 21 reduction make fun desktop toy lego domino engineer fyp foryou short   legomoc    lego   legomoc   legomoccont   legomocbuild   legobrick   legobuilder,10000,804,44,2023 06 28t09:14:10.000z,https://www.facebook.com/reel/784816859967979/
100071576863657,gs food travel,https://scontent-ord5-2.xx.fbcdn.net/v/t39.30808-1/234163420_162619912543992_4987226980100397110_n.jpg?stp=cp0_dst-jpg_p40x40&_nc_cat=1&ccb=1-7&_nc_sid=f4b9fd&_nc_ohc=7xoolc2hunuq7knvgfszxlo&_nc_ht=scontent-ord5-2.xx&oh=00_aydkxbmeubiuvxgsmjc0bd6jpijcyuvooipea1mt2tay9a&oe=66c1c6e1,https://www.facebook.com/gsfoodtravel,"ad domino   pizza rs187/- 

 1 download domino link   https://dominos.drln.me/facebook/bevedx 
 2 offer new user   order domino app 
 3.pizza cart 5 classic pizza   
 4 apply code wow1179 
 4 offer valid 3 order delivery ❤ 

 order right 
 discountonfood discountonfoodbill discoutonfoodanddrink indianrestaurant indianrestaurant cheesy domino dominospizza trendingreel",3707,528,150,2024 02 16t11:44:21.000z,https://www.facebook.com/gsfoodtravels/posts/pfbid02dkrn9au2mxdrs7wyqw4xqfc76ybywfeciazgervjzk2h6pwkiefqkmtfwkpxexbfl
100032847656783,roll blue,https://scontent-ord5-2.xx.fbcdn.net/v/t39.30808-1/432444389_1090141375424107_2402329345842491442_n.jpg?stp=cp0_dst-jpg_p40x40&_nc_cat=1&ccb=1-7&_nc_sid=f4b9fd&_nc_ohc=bvqdf-xuusoq7knvghzi3ue&_nc_ht=scontent-ord5-2.xx&oh=00_aydktpivficzxacnz1hvlqibsj0twlrzt2ghu3n8mstddg&oe=66c1e43f,https://www.facebook.com/officialrollingblue,google know greenday parodysong pizza domino joeykalico rollingblue,12079,3721,408,2023 07 20t19:10:04.000z,https://www.facebook.com/officialrollingblue/posts/pfbid034ptfukgogc4ajwknsesgewwmmocr3jmxubtrcxre13jjg59ntiefmqpgrxlhtb47l
61557172689188,theresa ruby,https://scontent-ord5-1.xx.fbcdn.net/v/t39.30808-1/430597245_122106958784239089_2534089560392305942_n.jpg?stp=cp0_dst-jpg_p40x40&_nc_cat=111&ccb=1-7&_nc_sid=f4b9fd&_nc_ohc=hhgbcspjsucq7knvgfduide&_nc_ht=scontent-ord5-1.xx&oh=00_ayc3qpso2ymyychgonq32pw5i451u38clnsjg8lfesydmg&oe=66c1ec03,https://www.facebook.com/people/theresa-ruby/61557172689188/,dominos worker customer   lol pov karen humor food domino recipe iknewit momsover40 fypシ,35,2,44,2024 08 08t10:57:34.000z,https://www.facebook.com/permalink.php?story_fbid=pfbid0358updkocszrrnfmstv8jgsj7phuwgnxvjpvzxta7e5ri3khrtf2le63xy4gjukbyl&id=61557172689188
100089314351644,casper capital,https://scontent-ord5-1.xx.fbcdn.net/v/t39.30808-1/322202151_674595554114704_732142372863428631_n.jpg?stp=cp0_dst-jpg_p40x40&_nc_cat=101&ccb=1-7&_nc_sid=f4b9fd&_nc_ohc=vwllu4qiqqcq7knvggfnbpj&_nc_ht=scontent-ord5-1.xx&oh=00_aydnjy2l1whpxallccuxbgj3-iniryyegifedazeigcvvg&oe=66c1da5f,https://www.facebook.com/people/casper-capital/100089314351644/,domino secret hack   domino dominospizza pizza,3634,847,187,2024 08 03t22:37:57.000z,https://www.facebook.com/permalink.php?story_fbid=pfbid0k35tw7fxw7pvshhrwgmyo6j3guvq25dd5bz5ndcky2eic41umxbrdmgkpfmwkj7ul&id=100089314351644
61563220253410,riyas vlog siliguri,https://scontent-ord5-2.xx.fbcdn.net/v/t39.30808-1/451986464_122094183368440675_7766626855633578444_n.jpg?stp=cp6_dst-jpg_p40x40&_nc_cat=105&ccb=1-7&_nc_sid=f4b9fd&_nc_ohc=rbszrt8vkpyq7knvgff6ekw&_nc_ht=scontent-ord5-2.xx&oh=00_ayce9fx7r9js5byorg1b-ejhfkoksjd6eydxmtvhuw1bog&oe=66c1cefd,https://www.facebook.com/people/riyas-vlog-siliguri/61563220253410/,"truth zudio sale siliguri zudio sale domino 99rs pizza   

 riyashilofficial3   zudiosale   explorepage   dominospizza   domino   offer   zudioshoppingvlog",5,3,3,2024 08 11t09:45:19.000z,https://www.facebook.com/permalink.php?story_fbid=pfbid0ufmpq9srktpmzsk895ql9wyo5tgjxhrmx9dzuyhnex1h55kwa1lshbndsxrhjuqxl&id=61563220253410
809404720,joshua pettit,https://scontent.fkul21-1.fna.fbcdn.net/v/t39.30808-1/323903595_738722324336020_3023667852277147110_n.jpg?stp=cp0_dst-jpg_p40x40&_nc_cat=1&ccb=1-7&_nc_sid=50d2ac&_nc_ohc=bwuvqwzzopyq7knvgg0ehvt&_nc_ht=scontent.fkul21-1.fna&oh=00_aybru-nzipxg3s36mw3nuhhiwwod7bnvx6_ilwogsa9mha&oe=66c1c15f,https://www.facebook.com/joshuapettit,watch hate feed pizza dinner domino caregiver caregive dementia endalz alzheimer alzheimer alzheimersawareness,2831,9,258,2023 12 10t22:52:55.000z,https://www.facebook.com/reel/663795382600793/
100000810852242,abhijeet saikia,https://scontent.fplu41-1.fna.fbcdn.net/v/t39.30808-1/450423333_7827956200574664_2245213976913082201_n.jpg?stp=cp0_dst-jpg_p40x40&_nc_cat=101&ccb=1-7&_nc_sid=50d2ac&_nc_ohc=iug52z1vlcqq7knvgghdqby&_nc_ht=scontent.fplu41-1.fna&oh=00_ayacalma3lutam4qmopoza78qew9njlpsxl_7si6ggxfla&oe=66c1beb4,https://www.facebook.com/abhijeet.xaikia,টনা আজোৰা নকৰিবা॥bhagot sobei paba happy aaniversary guys   drixhti borah   ishaan bora        facebookviral shortsvideo youtube anniversary cake domino likesforlike comment share trendingpost trendingvideo viralreelsfacebook viralshort,1437,0,26,2024 08 05t09:36:12.000z,https://www.facebook.com/reel/1842654509553786/
61557640430702,domino partie,https://scontent.fplu41-1.fna.fbcdn.net/v/t39.30808-1/432777518_2397904120412719_6649993565781343347_n.jpg?stp=c0.0.40.40a_cp0_dst-jpg_p40x40&_nc_cat=108&ccb=1-7&_nc_sid=f4b9fd&_nc_ohc=f7jqobhupt8q7knvge7pbla&_nc_ht=scontent.fplu41-1.fna&oh=00_ayb5fk_dke5cepmakhpv3qupeokfbgjaj8zrx6kqrn1mhg&oe=66c1ef8b,https://www.facebook.com/people/domino-partie/61557640430702/,اي رقم تلعب domino europe الشعب domino viral,2630,25,3419,2024 06 15t13:40:06.000z,https://www.facebook.com/reel/1481026646135470/
100050311847144,pastora michelle treviño,https://scontent.fplu41-1.fna.fbcdn.net/v/t39.30808-1/438701612_1009927470694305_3997554845443521358_n.jpg?stp=cp0_dst-jpg_p40x40&_nc_cat=106&ccb=1-7&_nc_sid=f4b9fd&_nc_ohc=x8g-m5jw2vaq7knvghjnr-h&_nc_ht=scontent.fplu41-1.fna&oh=00_aya0gtq9iwmhwltfl-6hugnfic2nfz2gew--a3kmbhzzhq&oe=66c1cb19,https://www.facebook.com/pastoramichelletrevino,tu peor enemigo es este .. mente pastora wow pastoramichelletreviño sabiduria libre poder domino mind mindset kingdomculture yes,1167,216,206,2024 08 08t16:39:17.000z,https://www.facebook.com/reel/1199122337937436/
100043949448118,scuba steph,https://scontent.fplu41-1.fna.fbcdn.net/v/t39.30808-1/254245959_434091414732503_4652501723342836332_n.jpg?stp=cp0_dst-jpg_p40x40&_nc_cat=111&ccb=1-7&_nc_sid=f4b9fd&_nc_ohc=tpnnif3laaaq7knvghnnbtd&_nc_ht=scontent.fplu41-1.fna&oh=00_aybp12rbiqq262cn-pdaw0gxfej8euvc8_r6zrhcvob7mw&oe=66c1f01c,https://www.facebook.com/scubastephh,noid   kal smith domino thenoid dominospizza,847,20,39,2024 06 20t18:08:53.000z,https://www.facebook.com/reel/460415006594264/
100048729955469,ridoy ferdous khan channel,https://scontent.fplu41-1.fna.fbcdn.net/v/t39.30808-1/322970641_1325810464845706_7352643782846276619_n.jpg?stp=cp0_dst-jpg_p40x40&_nc_cat=1&ccb=1-7&_nc_sid=f4b9fd&_nc_ohc=cl8ltl7sigiq7knvgezadjf&_nc_ht=scontent.fplu41-1.fna&oh=00_ayboefqclt9bp54mmvxqxefie9-rpvwhuktkb75p-apcxg&oe=66c1ecbc,https://www.facebook.com/ridoyferdouskhan,"domino অথবা pizza hut সব হয়ে যাবে এর কাছে ফেল‼️এই কনকনে ঠান্ডায় গরম গরম পিজ্জা‼️ 

 গ্যাসের চুলায় রেস্টুরেন্টের মত পিজা রেসিপি একদম রেস্টুরেন্টের রেসিপি ফলো করে বাড়িতেই তৈরি করে নিলাম ডমিনোজ পিজা হাট এর মত পিজা রেসিপি । 

 pizza chickenpizza chickenpizzarecipe domino pizzahut pizzaburger fast_food foodrecipe pizzarecipe pizza easypizza homemadepizza gasherchulai pizza pizza pizza_recipe_in_gas_stove pizza_hut",25496,6087,418,2024 01 14t14:25:46.000z,https://www.facebook.com/ridoyferdouskhan/videos/702490285357908/
100037768264156,mammas doll namrata saha,https://scontent-iad3-1.xx.fbcdn.net/v/t39.30808-1/452449362_1166341731301425_8148456727067083606_n.jpg?stp=cp0_dst-jpg_p40x40&_nc_cat=107&ccb=1-7&_nc_sid=50d2ac&_nc_ohc=pk0x17nq8i8q7knvgge1hrz&_nc_ht=scontent-iad3-1.xx&oh=00_aybgnvw4boqebozwnuen-xv4jfvgzrg89ovtrzgjnwn2iw&oe=66c1f356,https://www.facebook.com/mammasdollnamrata.saha,  1millio viral domino foll agartala sharethispost,35,0,25,2024 08 09t09:45:41.000z,https://www.facebook.com/reel/1715400359221961/
61557640430702,domino partie,https://scontent-iad3-1.xx.fbcdn.net/v/t39.30808-1/432777518_2397904120412719_6649993565781343347_n.jpg?stp=c0.0.40.40a_cp0_dst-jpg_p40x40&_nc_cat=108&ccb=1-7&_nc_sid=f4b9fd&_nc_ohc=f7jqobhupt8q7knvgerojlw&_nc_ht=scontent-iad3-1.xx&oh=00_ayba438wwlkqnnvtpac0xnt4kjjmdffr4veijzkognmlza&oe=66c1ef8b,https://www.facebook.com/people/domino-partie/61557640430702/,domino dominochallenge playa,801,6,1166,2024 07 24t12:25:30.000z,https://www.facebook.com/reel/1006773137803220/
61552807010608,satish shukla,https://scontent-iad3-2.xx.fbcdn.net/v/t39.30808-1/454502206_122159046458093567_8092134658301734694_n.jpg?stp=cp0_dst-jpg_p40x40&_nc_cat=105&ccb=1-7&_nc_sid=50d2ac&_nc_ohc=-q-gfnz5prkq7knvge-sjfg&_nc_ht=scontent-iad3-2.xx&oh=00_aycv8hjaoyfnhn5hjum0nd04kqez5q4jikgqbpnztunhca&oe=66c1cebe,https://www.facebook.com/people/satish-shukla/61552807010608/,"जितना बड़ा नाम उतनी ज्यादा ठगी । 

 domino kfc pizzahut",153,53,4,2024 07 29t18:44:50.000z,https://www.facebook.com/reel/386961177360514/
100064882725693,japan,https://scontent-iad3-1.xx.fbcdn.net/v/t39.30808-1/326014813_496326415758831_1816696401126061306_n.jpg?stp=cp0_dst-jpg_p40x40&_nc_cat=102&ccb=1-7&_nc_sid=f4b9fd&_nc_ohc=sxnuoly3ylaq7knvgf3di-4&_nc_ht=scontent-iad3-1.xx&oh=00_ayda5cwc_qgp2rd48l3sjq41_kzwjxxwq3jflsnjqx4upw&oe=66c1df1b,https://www.facebook.com/japanonfb,"random thing japan 

 dominos japan release cheese volcano pizza think jn japan plan have dominos pizza world 

 japan onlyinjapan japantrip domino pizza",3969,302,56,2024 02 06t16:30:01.000z,https://www.facebook.com/reel/1032840497808604/
61557640430702,domino partie,https://scontent-iad3-1.xx.fbcdn.net/v/t39.30808-1/432777518_2397904120412719_6649993565781343347_n.jpg?stp=c0.0.40.40a_cp0_dst-jpg_p40x40&_nc_cat=108&ccb=1-7&_nc_sid=f4b9fd&_nc_ohc=f7jqobhupt8q7knvgerojlw&_nc_ht=scontent-iad3-1.xx&oh=00_ayba438wwlkqnnvtpac0xnt4kjjmdffr4veijzkognmlza&oe=66c1ef8b,https://www.facebook.com/people/domino-partie/61557640430702/,dominochallenge france europe domino,9280,21,176,2024 04 17t13:22:13.000z,https://www.facebook.com/reel/943200140626196/
100002270717436,alburo maria,https://scontent-lga3-1.xx.fbcdn.net/v/t39.30808-1/393253566_6698428043576153_5493020617836956824_n.jpg?stp=cp0_dst-jpg_p40x40&_nc_cat=110&ccb=1-7&_nc_sid=50d2ac&_nc_ohc=7-zcjejbw9wq7knvggk-yp2&_nc_ht=scontent-lga3-1.xx&oh=00_aycoqy5bndnjrkkqsolmrvverfygihndve6ddcthjqqduw&oe=66c1d67e,https://www.facebook.com/merliza.mamac,"wow worth watch ❤ 
 fypシ foryouシ follower viralvideo domino highlight credittotherightfulownerofthisvideo nocopyrightinfringementintende",26,25,37,2024 08 06t19:29:08.000z,https://www.facebook.com/merliza.mamac/videos/385192384597553/
100092992715820,jelly bean sweet,https://scontent-lga3-1.xx.fbcdn.net/v/t39.30808-1/376578379_201154816314122_6306306846154372225_n.jpg?stp=cp0_dst-jpg_p40x40&_nc_cat=110&ccb=1-7&_nc_sid=f4b9fd&_nc_ohc=qlacgrs4hasq7knvgf6nlyu&_nc_ht=scontent-lga3-1.xx&oh=00_ayar5gsbkisbyhk7kjts87enyhohbiw_lfqoxkkyqcmkcw&oe=66c1c9bd,https://www.facebook.com/people/jelly-bean-sweets/100092992715820/,@domino mukbang good pizza domino newyorkstyle cheesecake cake lavacake sauce food#foodie mukbang eatingasmr#eating#eat,420,5,22,2024 08 07t11:35:46.000z,https://www.facebook.com/reel/368197829457343/
100063625120822,izzy insane,https://scontent-lga3-2.xx.fbcdn.net/v/t39.30808-1/409223627_845127197618110_3307213158692238897_n.jpg?stp=cp6_dst-jpg_p40x40&_nc_cat=104&ccb=1-7&_nc_sid=f4b9fd&_nc_ohc=6eypeqg01sqq7knvgfuwsrl&_nc_ht=scontent-lga3-2.xx&oh=00_ayd2wnw8triigk7nox5imkvbkndvq8kv1nlmebjug2wdtq&oe=66c1e24b,https://www.facebook.com/izzyinsaneofficial,domino customer like dominospizza domino comedyskit customerservice pizzalover foryoureel reelsfacebook,1436,89,185,2024 03 24t03:05:19.000z,https://www.facebook.com/reel/294124900219077/
61550553373502,drawzillazzz,https://scontent-sin6-3.xx.fbcdn.net/v/t39.30808-1/372980775_171287559326189_4898717265022476519_n.jpg?stp=cp0_dst-jpg_p40x40&_nc_cat=104&ccb=1-7&_nc_sid=f4b9fd&_nc_ohc=qrbpee2jmimq7knvgecnpv7&_nc_ht=scontent-sin6-3.xx&oh=00_aybnnf-lkqma3ndor_sygkjbv3mlorrl4zn2mpcwgeygoa&oe=66c1d9e9,https://www.facebook.com/people/drawzillazzz/61550553373502/,solve argument blackcat whitecat domino animate fypシ,3562,718,54,2024 05 28t08:23:48.000z,https://www.facebook.com/reel/1109749663616341/
100083658318356,latinos montclair,https://scontent-sin6-1.xx.fbcdn.net/v/t39.30808-1/294737123_100371609436925_4907338092650255905_n.png?stp=c3.10.40.40a_cp0_dst-png_p60x60&_nc_cat=111&ccb=1-7&_nc_sid=f4b9fd&_nc_ohc=gm0-nplpxj0q7knvghhsill&_nc_ht=scontent-sin6-1.xx&oh=00_aydxwnv0esktug2ucp0vb2cwpw_9emrjix7vkxlnjwmw6g&oe=66c1d8e9,https://www.facebook.com/latinosofmontclair,"☀ ️      ☀ ️ 

    take 4️⃣ summer sundays domingos en la plaza wellmont arts plaza help fundraise montclair annual latino heritage celebration  

   

 dominó en la plaza event 

 4 classic domino table domino set open play latin beat want dance exquisite bite @libelulamontclair 30min boxing class 2pm sponsor @rumbleboxingmontclair 

  

 ⬇ ️ check detail ⬇ ️ 

 ⭐ ️ ⭐ ️ ⭐ ️ 

   
 ️ sunday 8/11 
  wellmont arts plaza 
  1:00 4:00pm 
 ️ 5 individual 10 family suggested donation 

 ️ incus 
  latin dj music  
 ⭐ ️ 4 domino tables dominos 
  1 box 30min box class 
  chance win custom domino table 

  link bio 

 partnership montclair bid 

 thank participate vendor ‍ 
 ⭐ ️ @cuztomyourworld 
 ⭐ ️ @rumbleboxingmontclair 
 ⭐ ️ @newjerseypridefc 
 ⭐ ️ @libelulamontclair 
 ⭐ ️ @mtnsidemedctr 

   
 interested join event vendor sponsor community partner dm email latinosofmontclair@gmail.com 

 latinosofmontclair familytime latindance domino dominonjfamilytime boxingtraine wellmontartsplaza",68,11,7,2024 08 02t20:19:16.000z,https://www.facebook.com/latinosofmontclair/posts/pfbid02eob8zeschud8cvcojyjvawzgxex1b78bmidanoezvy4ljfbdjwbdxqe7qnbsplfjl
pfbid02vrqkl1ndngjqpuywmkavabgughkhoraztrkpmcer69zrzcef7ulwkf4rhvhedwgbl,taniea mishti bhattacharjee,https://scontent-sin6-2.xx.fbcdn.net/v/t39.30808-1/453626769_3823939871211235_650589995830457918_n.jpg?stp=cp0_dst-jpg_p40x40&_nc_cat=109&ccb=1-7&_nc_sid=0ecb9b&_nc_ohc=mu0b5mdqcp0q7knvgewg2gt&_nc_ht=scontent-sin6-2.xx&oh=00_ayaccs01cdhgv9vorqnb0g3z8xmemazsi5t10hyiy-toyw&oe=66c1bf95,https://www.facebook.com/anindiya.banerjee.7,"week 
 birthdaycelebration pizzalover dominos friendshipday2024",45,0,4,2024 08 09t07:59:00.000z,https://www.facebook.com/anindiya.banerjee.7/posts/pfbid02naqdshumsvrfr8twf2ghdxwfu436h2w6scxpqb2mcsc2wng4qtbd7z1qvkmeudael
100057409931150,tyler regan,https://scontent-sin6-2.xx.fbcdn.net/v/t1.6435-1/88212675_101265758159885_3599014922819731456_n.jpg?stp=c5.0.40.40a_cp0_dst-jpg_p40x40&_nc_cat=1&ccb=1-7&_nc_sid=f4b9fd&_nc_ohc=d4c6z9lw2lsq7knvgfdcbbb&_nc_ht=scontent-sin6-2.xx&oh=00_aydxpmsfx_f7gn8-zitozahz3bicaruba8fwu3oz4pasiq&oe=66e3692f,https://www.facebook.com/tylerregancomedy,honestly bad idea   pizza fastfood delivery domino uber karen manager,80607,3613,816,2022 03 24t15:46:03.000z,https://www.facebook.com/reel/395222335748046/
100046766483855,forest blakk,https://scontent-sin6-4.xx.fbcdn.net/v/t39.30808-1/428695807_937847814450759_6496682982298973733_n.jpg?stp=cp0_dst-jpg_p40x40&_nc_cat=103&ccb=1-7&_nc_sid=f4b9fd&_nc_ohc=7zqiyxrws3sq7knvghew9en&_nc_ht=scontent-sin6-4.xx&oh=00_aydqnqvqoemmpozaghwgculow9cpenr99qas8lvdw-90bw&oe=66c1c584,https://www.facebook.com/forestblakk,"know song know face 

 real life small town middle new mexico band crave pizza order @dominos delivery driver show … see tour bus ask tell "" forest blakk "" immediately start freak go tell actually listen song way deliver pizza know deliver wild domino fanreaction",58946,675,334,2024 05 05t22:04:38.000z,https://www.facebook.com/reel/446983464404546/
61556328966247,morgan tribe,https://scontent-sin6-1.xx.fbcdn.net/v/t39.30808-1/427931601_122105239352210965_3248943281316250585_n.jpg?stp=cp0_dst-jpg_p40x40&_nc_cat=111&ccb=1-7&_nc_sid=f4b9fd&_nc_ohc=brlotu6qopaq7knvgeh-cmf&_nc_ht=scontent-sin6-1.xx&oh=00_ayd7jtr04s6nchful1hcciverdv0alcxojcohuzdqw9fxg&oe=66c1eccd,https://www.facebook.com/people/the-morgan-tribe/61556328966247/,dinner house tonight reelsfbシ fypシ domino pizza takeout weekendvibe,7,1,3,2024 08 11t23:34:02.000z,https://www.facebook.com/61556328966247/videos/484794310947907/
100092589310593,andy jiang,https://scontent-mia3-2.xx.fbcdn.net/v/t39.30808-1/346283609_943210943382207_6950040517619448077_n.jpg?stp=c0.0.40.40a_cp6_dst-jpg_p40x40&_nc_cat=1&ccb=1-7&_nc_sid=f4b9fd&_nc_ohc=v04w6kmb4y0q7knvgfujkcg&_nc_ht=scontent-mia3-2.xx&oh=00_aya_fiyarndlm4kv8rl9nviddqkdgzl6ktduoyyyiw0yxa&oe=66c1e381,https://www.facebook.com/andyjiangyt,finally allow retire   truestory greatgrandma retirement domino,1377,99,81,2024 06 13t05:19:32.000z,https://www.facebook.com/reel/696921212536593/
100078614359074,bryan tracie mornings 105.5 wytm,https://scontent-mia3-2.xx.fbcdn.net/v/t39.30808-1/452919563_494602053170269_5905373918892214581_n.jpg?stp=cp0_dst-jpg_p40x40&_nc_cat=107&ccb=1-7&_nc_sid=f4b9fd&_nc_ohc=mxfb4dhfz_qq7knvgfempao&_nc_ht=scontent-mia3-2.xx&oh=00_aydivdtlehpj9tvih8p7wm_a-fj-jq_pqxim9bo9xeod9q&oe=66c1dc59,https://www.facebook.com/bryanandtracie,"bryan tracie student week 
             fuel   gerald foodland 
                energize domino pizza 

     week recipient   ben rives 
        ben attend   lincoln county high school    
      
 studentoftheweek geraldssupermarket dominos 
 bryanandtracie 1055wytm biskitsandgravie",42,3,22,2024 08 12t12:31:18.000z,https://www.facebook.com/bryanandtracie/posts/pfbid02avwp2yn6vah9ttcqq2snhsqybwgep95qn8y6nceppgucfsyrzerjcmx215pdzwuul
100000549810556,shi hui lin,https://scontent-mia3-2.xx.fbcdn.net/v/t39.30808-1/372668921_7119880814706842_7039825853676923697_n.jpg?stp=cp0_dst-jpg_p40x40&_nc_cat=102&ccb=1-7&_nc_sid=50d2ac&_nc_ohc=dmq1-_ov2hqq7knvgf_llze&_nc_ht=scontent-mia3-2.xx&oh=00_aydj_nd4wqo9f1pvzb3nv0fsfa0_b5cemlo3jvmnrsu7mq&oe=66c1f4c9,https://www.facebook.com/shihuilin14,"want pizza express delivery 
 pizza delivery jet pack ground break initiative domino 
 question delivery cost 
 dominospizza 
 jetsuit 
 jetpack 
 domino",127,3,224,2024 07 17t01:03:01.000z,https://www.facebook.com/shihuilin14/videos/501151395643943/
100085371547238,kathi junes,https://scontent-mia3-1.xx.fbcdn.net/v/t39.30808-1/434187885_382129547976094_300923975965144730_n.jpg?stp=c0.8.40.40a_cp0_dst-jpg_p40x40&_nc_cat=106&ccb=1-7&_nc_sid=f4b9fd&_nc_ohc=hrxxsejdlucq7knvggf9nkq&_nc_ht=scontent-mia3-1.xx&oh=00_aycyy6ahhtqea1rctjkettlhirnrakhbhmev5dezkuhsvq&oe=66c1e08d,https://www.facebook.com/kathijunes.lover,plan way fyp schokolade dominos domino fun mama mom memesdaily daughter viralreel comedy laugh op trendingreel,14732,383,395,2023 04 30t16:24:44.000z,https://www.facebook.com/reel/223620406966469/
100050212701810,zayka ka tadka,https://scontent-atl3-2.xx.fbcdn.net/v/t39.30808-1/353765591_898671855149896_2859331868255515643_n.png?stp=cp0_dst-png_p40x40&_nc_cat=1&ccb=1-7&_nc_sid=f4b9fd&_nc_ohc=ac1tvdhwauqq7knvgg0k9ds&_nc_ht=scontent-atl3-2.xx&oh=00_aybr9dbaepvymh9ywyrqolxnw5rmhulzn7bljbrmzw0pma&oe=66c1d034,https://www.facebook.com/zaykakatadka,"cheese burst roti pizza dominos pizza hut bhool jayenge bacche jab khayenge ghar ki roti se bana cheese burst pizza easy recipe yumm :) 

 cheese pizza cheeseburst domino pizzahut kid cheeseburstpizza roti nomaida wholewheatpizza yummy yum goodfood indian recipe instagood feelitreelit reelkarofeelkaro feelkaroreelkaro reelitfeelit‍ ♀ ️",12400,1490,191,2023 12 11t06:49:07.000z,https://www.facebook.com/reel/716521420159645/
100064382451796,domino pizza mauritius,https://scontent-atl3-1.xx.fbcdn.net/v/t39.30808-1/385074197_711743057648436_7087620890950678579_n.jpg?stp=cp0_dst-jpg_p40x40&_nc_cat=100&ccb=1-7&_nc_sid=f4b9fd&_nc_ohc=olq-ip_eyj0q7knvggiwunr&_nc_ht=scontent-atl3-1.xx&oh=00_aycvheb0gryi4g7epmao4v9qw47vqsbhxr32gdz-14lmfg&oe=66c1be9f,https://www.facebook.com/dominospizzamauritius,"        

 vinn zwen nu dan plaisance mall    pu profit sa deal la 

           ena zis pou servi    "" "" kan pe order 

  sa deal la valab pou dine ek carry li pa aplikab pou delivery 

 pa mank sa gran ouvertir la ek pass komann online lor www.dominos.mu ou download nou aplikasion mobil lor https://qrco.de/bezyrk 

 domino dominosmauritius livraisonpizza pizzamauritius megawk dominosrosebelle newstoreopene",789,9,80,2024 08 07t14:00:29.000z,https://www.facebook.com/dominospizzamauritius/posts/pfbid0svf9ney9w1y7wxf5azwgkgrtcfgqb9guunpkglmrrpbp8njn5gp2ngg4oeawq8dtl
100057395202682,domino pizza sneek,https://scontent-atl3-1.xx.fbcdn.net/v/t39.30808-1/295865828_7830536583654247_391510111123811983_n.jpg?stp=cp0_dst-jpg_p40x40&_nc_cat=110&ccb=1-7&_nc_sid=f4b9fd&_nc_ohc=rpzl-mhx0oqq7knvggskhnt&_nc_ht=scontent-atl3-1.xx&oh=00_ayb7cp35dt675e99fcrmhat6l6waq_qjcfqgmbxtt1xgaq&oe=66c1f4d2,https://www.facebook.com/dominossneek,"vandaag het dan eindelijk zo ver want vandaag begint de 87e editie van ⭐ ️de sneekweek ⭐ ️ 

 om dat te vieren hebben wij elke dag een nieuwe winactie waarbij elke dag 2 personen kan maken op 2 medium pizza naar keuze 

 om de winactie van vandaag te winnen moet je deze rebus oplossen en dit bericht delen de winnaar zullen morgen worden bekend gemaakt saman meet een nieuwe winactie 

 de winnaar van de eerste winactie zijn geworden @pietervaneerten instagram en @stefan de vries facebook van harte gefeliciteerd wij zullen contact meet jullie opneman 

 veel succe 

 domino pizza sneek sneekweek winactie friesland 2024 gratis snit",9,25,29,2024 08 02t11:32:11.000z,https://www.facebook.com/dominossneek/posts/pfbid0tbyat33gfv51ycnzb5l326pb8bj1uwemhj5bxeowsnb6sxubgvh86zpmspzjyaewl
61557640430702,domino partie,https://scontent-atl3-1.xx.fbcdn.net/v/t39.30808-1/432777518_2397904120412719_6649993565781343347_n.jpg?stp=c0.0.40.40a_cp0_dst-jpg_p40x40&_nc_cat=108&ccb=1-7&_nc_sid=f4b9fd&_nc_ohc=f7jqobhupt8q7knvghp-9x9&_nc_ht=scontent-atl3-1.xx&oh=00_aydinahoo7wbcc4ugqtyxqwzl0eijio2ranmegvxi6hljg&oe=66c1ef8b,https://www.facebook.com/people/domino-partie/61557640430702/,domino dominochallenge playa,636,0,321,2024 08 12t16:49:07.000z,https://www.facebook.com/reel/489089753736092/
100014774497910,patricia serrano,https://scontent-ord5-1.xx.fbcdn.net/v/t39.30808-1/449278492_1882244598944672_8303463429626794854_n.jpg?stp=cp0_dst-jpg_p40x40&_nc_cat=111&ccb=1-7&_nc_sid=50d2ac&_nc_ohc=8tm3j9weflcq7knvggkta3q&_nc_ht=scontent-ord5-1.xx&oh=00_ayauvxfgydfaxtvupgffiylmpy3_r3j4kma0nuukq-plyq&oe=66c1d182,https://www.facebook.com/patserrano0405,"crispy "" pata "" pork hock dinner watch til end 

 pinaypizzamaker 
 pinoyabroad 
 dominos 
 pizza 
 crispypata 
 eatingchallenge",364,5,48,2024 07 16t00:24:06.000z,https://www.facebook.com/patserrano0405/videos/921748136663861/
100083300952705,aussie fitness,https://scontent-ord5-1.xx.fbcdn.net/v/t39.30808-1/284507239_104255182320172_6764304870627545666_n.jpg?stp=cp0_dst-jpg_p40x40&_nc_cat=111&ccb=1-7&_nc_sid=f4b9fd&_nc_ohc=fu3dnqqehgaq7knvgemyhhi&_nc_ht=scontent-ord5-1.xx&oh=00_aycl9bcjche57xzi5nt2uvdvmrtwcivbiyoli0_ohd7d_a&oe=66c1c73d,https://www.facebook.com/aussiefitnessofficial,macro friendly stuffed crust bbq chicken pizza pizza pizzalover domino easymeal fitness lowcalorie healthyrecipe easyrecipe highprotein lowcaloriemeal mealprep healthyeate easyrecipe weightloss fatloss gymfood foodie highproteinmeal,10000,1199,250,2022 12 03t10:59:32.000z,https://www.facebook.com/reel/1142887419680254/
pfbid021qzxruqdp1pludeg1ayexyj8ssjtbydtmc5nrfwlt9d1vpk2ohmknhyqppgymjbrl,ian robb,https://scontent-ord5-1.xx.fbcdn.net/v/t39.30808-1/452165435_1497053701197434_1245218496851480668_n.jpg?stp=cp0_dst-jpg_p40x40&_nc_cat=108&ccb=1-7&_nc_sid=0ecb9b&_nc_ohc=10k3bqtoaasq7knvgeklds4&_nc_ht=scontent-ord5-1.xx&oh=00_aydrrathst5najnyfv-cx-ynauzj3xugp-b4__bfpes-za&oe=66c1d13f,https://www.facebook.com/ian.robb.507,"believe time week start plan weekend bogart pub sort 

 fancy wee sing song karaoke start 8 pm friday oor craig time saturday boss man tam 

 sunday sesh absolute amazing ian jac aclark takes popular demand singing live 5pm-8pm 
 forget domino singer start 3 pm win cash family steak pie 

 sean fire karaoke takes 8:30pm till late settle night 

 ‼️ attention   attention ‼️ 
 unfortunately quiz cancel tuesday 20th worry return plan tuesday 3rd september 8 pm date diary folk 

 management staff look forward see weekend 
 karaokenight 
 domino 
 livesinger 
 supportyourlocalpub",1,3,0,2024 08 13t09:56:52.000z,https://www.facebook.com/ian.robb.507/posts/pfbid034zikvzcwpn3sujqdvms7wr6lbg7bpy2mwxxf7d29155yrdb6u1mg77wz7u5dbfhdl
100063784441297,england beach soccer,https://scontent.fixc1-7.fna.fbcdn.net/v/t39.30808-1/410188258_822748769861264_2249849159165628963_n.jpg?stp=cp0_dst-jpg_p40x40&_nc_cat=103&ccb=1-7&_nc_sid=f4b9fd&_nc_ohc=lmykbq6tq0cq7knvgfqsi0s&_nc_ht=scontent.fixc1-7.fna&oh=00_ayadal3os-e871eglqjfcqseq_qnrrl9dorajynehdjm-q&oe=66c1e05d,https://www.facebook.com/englandbeachsoccer,"youth championships 2024 

 start youth round come day 160 team vie glory 13 age specific category championship testament sport grow popularity 

 260 game play staggering 1200 goal score cheer victory echo sand 

 under-7 mixed category 

 vectis u7   emerge champion clinch coveted gold downside panthers secure silver 

 plate final see brading u7 triumph acorns proudly take home silver 

 england beachsoccer sportengland championship forza domino wight wave beach sports isle wight beach soccer net world sports",32,13,1,2024 08 08t20:57:07.000z,https://www.facebook.com/englandbeachsoccer/posts/pfbid02mbuzmt1fgew51svfmb51rn5bvwkqjxgvva7fgvohkiyqkathcgfjcavf4xjvj8nzl
100063759450119,cave creature workshop,https://scontent.fixc1-8.fna.fbcdn.net/v/t1.6435-1/158513099_118277813640867_2602802961815414404_n.jpg?stp=cp0_dst-jpg_p40x40&_nc_cat=104&ccb=1-7&_nc_sid=616b0e&_nc_ohc=jfdryjpg0ieq7knvgftdpj0&_nc_ht=scontent.fixc1-8.fna&oh=00_aybslvpk7lxbh8vlmlzx-un-wsbccrmrqoznnwjb2t5qfq&oe=66e3912b,https://www.facebook.com/thecavecw,pizza time leo mikey deliver dominos pizza happen southend sea england day ago amazing entertainment company get turtlesuit   @ashleeentertainment suit @thecavecw ... #specialdelivery domino pizza tmnt cosplay leonardo teenagemutantninjaturtle michelangelo delivery birthday birthdayparty happy pizzalover   viral   splinter turtlepower cowabunga kevineastman actionfigure rocksteady miragecomic   turtle tmntcollector rottmnt neca 90 nostalgia tmntcostume tmntcosplay,68472,8123,1504,2023 05 31t17:13:54.000z,https://www.facebook.com/reel/646789966909420/
100092731105355,হ্যাংলা lover,https://scontent.fixc1-3.fna.fbcdn.net/v/t39.30808-1/350671455_1405122583641159_3447379333636648365_n.jpg?stp=c215.287.1577.1577a_cp0_dst-jpg_s40x40&_nc_cat=102&ccb=1-7&_nc_sid=f4b9fd&_nc_ohc=omlbobwst-qq7knvghxslvc&_nc_ht=scontent.fixc1-3.fna&oh=00_aycikcnifsyktbwkhna9j74yvi0vbgmsltiw9yobnc2wna&oe=66c1f224,https://www.facebook.com/people/%e0%a6%b9%e0%a7%8d%e0%a6%af%e0%a6%be%e0%a6%82%e0%a6%b2%e0%a6%be-lovers/100092731105355/,new cheese volcano pizza review ||double chicken ||expectation vs reality   domino pizza domino pizza india cheesevolcanopizza review doublechicken domino dominospizza expectationvsreality indrajit ghosh hanglalover হ্যাংলাlover,4,2,1,2024 08 12t15:21:04.000z,https://www.facebook.com/100092731105355/videos/1897712894074040/
100078614359074,bryan tracie mornings 105.5 wytm,https://scontent.fdub2-3.fna.fbcdn.net/v/t39.30808-1/452919563_494602053170269_5905373918892214581_n.jpg?stp=cp0_dst-jpg_p40x40&_nc_cat=107&ccb=1-7&_nc_sid=f4b9fd&_nc_ohc=mxfb4dhfz_qq7knvge-v85i&_nc_ht=scontent.fdub2-3.fna&oh=00_aychm4_l1cxh4y2_hem87ew3wtvmik3yjsndqynvwnzoqw&oe=66c1dc59,https://www.facebook.com/bryanandtracie,"bryan tracie student week 
           fuel   gerald foodland   
                energize domino pizza 

     week recipient   katie broadwater 
        katie attend   chestnut ridge academy 

   picture katie broadwater patti hunt 
                director chestnut ridge academy       
      
 studentoftheweek geraldssupermarket dominos 
 bryanandtracie 1055wytm biskitsandgravie",30,0,10,2024 08 06t12:35:45.000z,https://www.facebook.com/bryanandtracie/posts/pfbid023m9ysshsvtwjjan1utxpkzt68zylxdrwky8nluuvqjdntmdjvadlvxavm32vdmqfl
100063582790882,canoa suites,https://scontent.fdub2-3.fna.fbcdn.net/v/t39.30808-1/341870514_181138718137184_8363060892669664743_n.jpg?stp=cp0_dst-jpg_p40x40&_nc_cat=103&ccb=1-7&_nc_sid=f4b9fd&_nc_ohc=d1xqaln-ch0q7knvgg4o6cc&_nc_ht=scontent.fdub2-3.fna&oh=00_aybnidka3g7uflmjayupfccae_ctzgvj0ckilyrcmr_7xg&oe=66c1d2fc,https://www.facebook.com/people/canoa-suites/100063582790882/,"game night come happy hour 5 pm 

 canoasuite canoa gamenightfun poker sequence domino happyhour",5,3,0,2024 08 12t14:40:07.000z,https://www.facebook.com/permalink.php?story_fbid=pfbid02csebcwgcij4tpdnbyo5c5djxj5kxjapbnhgvye7butzvbdjqzub7y7qezmasnjnyl&id=100063582790882
100087143213267,nda,https://scontent.fdub2-3.fna.fbcdn.net/v/t39.30808-1/424589632_375938925320878_3907018916675784719_n.jpg?stp=cp0_dst-jpg_p40x40&_nc_cat=105&ccb=1-7&_nc_sid=f4b9fd&_nc_ohc=wzlw03wbvayq7knvghj0wus&_nc_ht=scontent.fdub2-3.fna&oh=00_aybfu7zyh-iapn9zk-i5nabexnrjpnrb6tnbg2nvhd6xyw&oe=66c1eb35,https://www.facebook.com/ndainternet,save 40 dominoes pizza   dominospizza domino pizza takeaway saturdaynight weekendvibe weekendplan savemoney savemoneytip savingmoney,6571,1161,440,2023 03 18t15:32:53.000z,https://www.facebook.com/reel/3409077729421515/
100063784441297,england beach soccer,https://scontent.fdub2-3.fna.fbcdn.net/v/t39.30808-1/410188258_822748769861264_2249849159165628963_n.jpg?stp=cp0_dst-jpg_p40x40&_nc_cat=103&ccb=1-7&_nc_sid=f4b9fd&_nc_ohc=lmykbq6tq0cq7knvgf_yius&_nc_ht=scontent.fdub2-3.fna&oh=00_ayarke7x-htzoq7hx9bcklyfelh4fuxexh-bo-oyk8gddg&oe=66c1e05d,https://www.facebook.com/englandbeachsoccer,"youth championships 

 under-16 boy ' championship culminate thrilling final blue punishers emerge victorious win gold team pogba earn silver 

 england beachsoccer national youth forza domino",6,1,0,2024 08 13t17:00:37.000z,https://www.facebook.com/englandbeachsoccer/posts/pfbid02xfjbxcefycitmgty2vm2zaeffs6tjwheemjbfmaucvhu7inpygjp3krxajnyklxal
100063784441297,england beach soccer,https://scontent.fdub2-3.fna.fbcdn.net/v/t39.30808-1/410188258_822748769861264_2249849159165628963_n.jpg?stp=cp0_dst-jpg_p40x40&_nc_cat=103&ccb=1-7&_nc_sid=f4b9fd&_nc_ohc=lmykbq6tq0cq7knvgf_yius&_nc_ht=scontent.fdub2-3.fna&oh=00_ayarke7x-htzoq7hx9bcklyfelh4fuxexh-bo-oyk8gddg&oe=66c1e05d,https://www.facebook.com/englandbeachsoccer,"youth championships 

 under-14 girl ' category see fareham girl dominate home gold wight eagles fly high silver ventnor triumph plate final 

 england beachsoccer national youth forza domino",7,3,0,2024 08 13t09:00:12.000z,https://www.facebook.com/englandbeachsoccer/posts/pfbid036nyckhumthekn8351jdnkhm5ot1dssx8sz6cpt8owpwpknzkrrkyugexrr9whzapl
100063784441297,england beach soccer,https://scontent.fdub2-3.fna.fbcdn.net/v/t39.30808-1/410188258_822748769861264_2249849159165628963_n.jpg?stp=cp0_dst-jpg_p40x40&_nc_cat=103&ccb=1-7&_nc_sid=f4b9fd&_nc_ohc=lmykbq6tq0cq7knvgf_yius&_nc_ht=scontent.fdub2-3.fna&oh=00_ayarke7x-htzoq7hx9bcklyfelh4fuxexh-bo-oyk8gddg&oe=66c1e05d,https://www.facebook.com/englandbeachsoccer,"youth championships 

 vectis pink continue dominance under-14 boy ' category win gold gurnard purple secure silver 

 england beachsoccer national youth forza domino",8,3,0,2024 08 12t17:00:13.000z,https://www.facebook.com/englandbeachsoccer/posts/pfbid02svenj2egfc46ksejozlctvkd1qt4vhip5hv7ptemd9mygeyh1ab9i41uk5xomzqpl
1258035311,ramis farooqui,https://scontent-iev1-1.xx.fbcdn.net/v/t39.30808-1/186877924_10220840432901458_5254679365953419473_n.jpg?stp=cp0_dst-jpg_p40x40&_nc_cat=102&ccb=1-7&_nc_sid=50d2ac&_nc_ohc=bkptk9uz-0kq7knvgflscpc&_nc_ht=scontent-iev1-1.xx&oh=00_aycowdtulzczeluimvyphg8nh3s3irjtouuvzlli0t-djq&oe=66c1cdb4,https://www.facebook.com/ramis.farooqui,"follow free cookie 

 reel reelsinstagram viral domino trend cookie",26734,153,933,2022 11 11t21:56:25.000z,https://www.facebook.com/reel/627993392400686/
100078092077706,mandy,https://scontent-iev1-1.xx.fbcdn.net/v/t39.30808-1/432900067_430173726262360_2999225905165927559_n.jpg?stp=cp0_dst-jpg_p40x40&_nc_cat=1&ccb=1-7&_nc_sid=f4b9fd&_nc_ohc=6jzxzeanzgcq7knvgeezttp&_nc_ht=scontent-iev1-1.xx&oh=00_ayaom-e_co-ld0zeereymuudkyu0wzddo0at34wohiw6yw&oe=66c1c4d0,https://www.facebook.com/eatdrinkandbemandy,foldable slice   @domino domino pizza nystylepizza amazing foodie foodlover yummyfood foodreview foodreel foryoupage fypシ゚ viral trend reelsfb reel,1263,39,147,2024 04 26t18:06:17.000z,https://www.facebook.com/reel/414517607979411/
61555821160409,kayleigh eat,https://scontent-iev1-1.xx.fbcdn.net/v/t39.30808-1/424721782_122109120242194038_3327614612867952095_n.jpg?stp=cp0_dst-jpg_p40x40&_nc_cat=107&ccb=1-7&_nc_sid=f4b9fd&_nc_ohc=q4alspcaskoq7knvggzuk-k&_nc_ht=scontent-iev1-1.xx&oh=00_aycwxnbyye9w2rpwxqo6a1d37bpxzxsaunkwikvi9dkw_a&oe=66c1cd70,https://www.facebook.com/people/kayleigh-eats/61555821160409/,favorite cheesy bread domino littlecaesar cheese foodie foodtiktok foodreview tastet breadstick pizza fastfoodlife fastfood eatwithme mukbang foodporn foodblogger foodstagram foodgasm foodgram reel reelsinstagram,1008,27,147,2024 06 01t14:39:08.000z,https://www.facebook.com/reel/2742109959281971/
61554959125808,buggu boss baby,https://scontent.fcfc2-1.fna.fbcdn.net/v/t39.30808-1/449519069_122156766878165304_7097100958045641742_n.jpg?stp=cp0_dst-jpg_p40x40&_nc_cat=103&ccb=1-7&_nc_sid=f4b9fd&_nc_ohc=kumhptjjhngq7knvggw1ehf&_nc_ht=scontent.fcfc2-1.fna&oh=00_aydivhdmmyo3wxog7o16huam3iy3pewpe1ni2fktcs3ifw&oe=66c1dce8,https://www.facebook.com/people/buggu-the-boss-baby/61554959125808/,"yummy yummy pizza 

  followerseveryone @follower shortsreel trendingreel shortsviral viralshort viral @topfans pizzalover domino short",108,4,24,2024 07 24t16:11:43.000z,https://www.facebook.com/permalink.php?story_fbid=pfbid0fqrhmn3urd5xropzjfpa4t1telzszkutfghwhnchcmrutcayj31gvnhen9qr54shl&id=61554959125808
100089314351644,casper capital,https://scontent.fcfc2-1.fna.fbcdn.net/v/t39.30808-1/322202151_674595554114704_732142372863428631_n.jpg?stp=cp0_dst-jpg_p40x40&_nc_cat=101&ccb=1-7&_nc_sid=f4b9fd&_nc_ohc=vwllu4qiqqcq7knvggiprc9&_nc_ht=scontent.fcfc2-1.fna&oh=00_aybnskylaoip42qhuyqsrk2vquantblvqcr0pbuescjcaa&oe=66c1da5f,https://www.facebook.com/people/casper-capital/100089314351644/,dominos pizza hack   save domino dominospizza,549,63,28,2024 05 25t03:12:17.000z,https://www.facebook.com/permalink.php?story_fbid=pfbid02t1vmmahqpjs6ifk9tqcgq1pznyyk1jalrhmqjqsaeni6mjvtbqqbmd8v5iayhujvl&id=100089314351644
61555285240795,frankkk,https://scontent.fcfc2-1.fna.fbcdn.net/v/t39.30808-1/419914305_122110653524176174_6300998247592665340_n.jpg?stp=cp0_dst-jpg_p40x40&_nc_cat=100&ccb=1-7&_nc_sid=f4b9fd&_nc_ohc=qpincnfg8beq7knvghsekcl&_nc_ht=scontent.fcfc2-1.fna&oh=00_ayb8lfj9ku3ogzszblxlpmypolnxf6g89ocnigm9mftmnq&oe=66c1f2a3,https://www.facebook.com/people/frankkk/61555285240795/,order dominos pizza happen ❤ ️ @dominos   kindness pizza domino vendor motivation bekind kindness,1713,25,78,2024 05 23t03:46:59.000z,https://www.facebook.com/permalink.php?story_fbid=pfbid02a8y3qghbdaclvfjsck2pymyze2z3xqhpwunydhqt65kgphvgm3mrh3w3evlqccdnl&id=61555285240795
100083402629496,momlifewithlaura,https://scontent.fcfc2-1.fna.fbcdn.net/v/t39.30808-1/399892821_319742057482546_7805547379512355933_n.jpg?stp=cp0_dst-jpg_p40x40&_nc_cat=110&ccb=1-7&_nc_sid=f4b9fd&_nc_ohc=_vrggtxcfmeq7knvges1qru&_nc_ht=scontent.fcfc2-1.fna&oh=00_ayclrufm1alx6rfu2cjvqhcrbi1uvr4c5k4qbspuece_na&oe=66c1cb18,https://www.facebook.com/people/momlifewithlaura/100083402629496/,domino philly cheesesteak loaded tots dupe dupe dupe dupealert momlife diy cookingathome dinneridea dominospizza domino momsoffb,11821,259,78,2023 05 04t21:19:13.000z,https://www.facebook.com/permalink.php?story_fbid=pfbid02ugrvwbw7emw7cvpajih8zvhzpmfk8tjsntosyj5wu98jnmvz7giia7ca8nadsqurl&id=104785345601011
100066522702458,thurl des,https://scontent.fcfc2-1.fna.fbcdn.net/v/t39.30808-1/324091022_839021504022219_4907774033632849069_n.jpg?stp=c0.25.40.40a_cp0_dst-jpg_p40x40&_nc_cat=105&ccb=1-7&_nc_sid=f4b9fd&_nc_ohc=1k8it5nj1-yq7knvge7nfin&_nc_ht=scontent.fcfc2-1.fna&oh=00_ayatqne-ceajzebtwumknyv-xg7db_9_sfo4qo-noherbq&oe=66c1c1c4,https://www.facebook.com/people/thurl-des/100066522702458/,fr well domino papa john lmk comment thurlde reel funny joke prank viral domino papajohns pizza war,5048,181,48,2023 12 04t21:45:36.000z,https://www.facebook.com/permalink.php?story_fbid=pfbid02i6nxqjtnzwmmh5rsrnzvuhyywkcmf2qd5hiqxx7hhomk6l5fpt6gwi9jphypnlgil&id=100066522702458
100043949448118,scuba steph,https://scontent-ord5-1.xx.fbcdn.net/v/t39.30808-1/254245959_434091414732503_4652501723342836332_n.jpg?stp=cp0_dst-jpg_p40x40&_nc_cat=111&ccb=1-7&_nc_sid=f4b9fd&_nc_ohc=tpnnif3laaaq7knvgfazwyu&_nc_ht=scontent-ord5-1.xx&oh=00_aydl9fxrge0mcpftfxq0sshbyjcxvbxjvnhntcvrhx7k_a&oe=66c1f01c,https://www.facebook.com/scubastephh,stay   kal smithgirls get rhythm dominospizza domino fastfoodhouse,543,13,10,2024 06 22t18:16:06.000z,https://www.facebook.com/reel/1597523784139313/
100063754621877,pastor jason answers,https://scontent-ord5-1.xx.fbcdn.net/v/t39.30808-1/386083857_793394602795687_6710030574631686858_n.jpg?stp=c0.7.40.40a_cp0_dst-jpg_p40x40&_nc_cat=111&ccb=1-7&_nc_sid=f4b9fd&_nc_ohc=8n51mg9fqq8q7knvghgk7n8&_nc_ht=scontent-ord5-1.xx&oh=00_aybz9tvxu7keqjwe_iycg8i55hauzjn4d_tmg-0-3d-qeq&oe=66c1eab0,https://www.facebook.com/pastorjasonanswers,micro domino push mountain   miracle domino short bible jesu,70,31,6,2024 07 26t14:05:28.000z,https://www.facebook.com/reel/1022273692879212/
100088928943568,karissaeat,https://scontent-ord5-2.xx.fbcdn.net/v/t39.30808-1/320222307_899071741503240_5793779928849548368_n.jpg?stp=c0.1.40.40a_cp0_dst-jpg_p40x40&_nc_cat=102&ccb=1-7&_nc_sid=f4b9fd&_nc_ohc=qkksw6yrygcq7knvghevzz-&_nc_ht=scontent-ord5-2.xx&oh=00_aybguntespzdsliueplzmlxeve-utffer0qs7fmxnmunxw&oe=66c1f5a5,https://www.facebook.com/karissaeatsfb,eat domino australia foodie reel domino australia fastfood,17420,72,69,2023 03 03t20:53:19.000z,https://www.facebook.com/reel/582587397130889/
100064134276454,akhil ds,https://scontent-ord5-2.xx.fbcdn.net/v/t39.30808-1/335610528_158635190385101_9030933877871942698_n.jpg?stp=cp0_dst-jpg_p40x40&_nc_cat=102&ccb=1-7&_nc_sid=f4b9fd&_nc_ohc=vsaimxv0syyq7knvgeyqq7z&_nc_ht=scontent-ord5-2.xx&oh=00_ayaytbeusene3ccxpzdeeczkvazersjh2qux6zi5_4a1ug&oe=66c1e246,https://www.facebook.com/akhildsyt,"ad excuse treat 

 new user 

 organise party low budget friend yes huge discount domino pizza   link promocode make party lets know 

 -download domino application 
 -choose pizza product 
 -use promo code discount free delivery ⬇ ️ 

 wow4027 give upto rs.100 3 app order mov rs.249 

 buy2390 give 33 150 order mov rs 300 

 huge1174 give 33 300 order mov rs 500 

 order right 

 discountonfood discountonfoodbill discoutonfoodanddrink indianrestaurant indianrestaurant cheesy domino dominospizza trendingreel",557,20,84,2024 07 14t05:28:37.000z,https://www.facebook.com/reel/1001714878105461/
61552520168089,swapnita banerjee,https://scontent-dfw5-1.xx.fbcdn.net/v/t39.30808-1/452619982_122168013740084005_6098671344487970202_n.jpg?stp=cp0_dst-jpg_p40x40&_nc_cat=103&ccb=1-7&_nc_sid=f4b9fd&_nc_ohc=vj7hexu7nayq7knvghmx3sp&_nc_ht=scontent-dfw5-1.xx&oh=00_ayc07blv8bdku_sv3nvwadpd1wdjdcvd-2bgakhzuprieg&oe=66c1df37,https://www.facebook.com/people/swapnita-banerjee/61552520168089/,বাড়িতে pizza বানালাম dominos থেকেও ভালো pizza dominos vlog minivlog,24,4,9,2024 08 08t14:32:13.000z,https://www.facebook.com/61552520168089/videos/1574063216876451/
100071126741820,snackolator,https://scontent-dfw5-2.xx.fbcdn.net/v/t39.30808-1/308179256_204620431918847_6524570765189098864_n.jpg?stp=c4.0.40.40a_cp0_dst-jpg_p40x40&_nc_cat=106&ccb=1-7&_nc_sid=f4b9fd&_nc_ohc=lpmvulmxiuqq7knvghgu0uj&_nc_ht=scontent-dfw5-2.xx&oh=00_aycrxukcpi3xuoa_zvjnof8rpwq65c9udt83axshi3cwoq&oe=66c1dc72,https://www.facebook.com/snackolator,"big lineup new fast food release pretty nice menu update 

 new starbucks spicy lemonade refreshers add spicy cold foam 

 new cajun ranch mccrispy mcdonald go nationwide week restaurant sell new cajun ranch sauce 

 look forward try new dominos new york style pizza compare hand toss ny style pizza 

 subway footlong dipper sound promise hopefully test nationwide release soon stay 3 price 

 menu update wendy bring cinnabon bite day long krispy kreme sell cinnamon roll day like nice upgrade 

 grab new release excited menu update 

 

 

 

 

 fastfood   fastfoodlife   mcdonald   starbuck   wendys   krispykreme   subway   dominos   starbucksrefresher   mccrispy   newyorkpizza   cinnamonroll   cinnabon   fastfoodie   foodstagram",1291,198,27,2024 04 16t00:06:20.000z,https://www.facebook.com/reel/1191554435342222/
61554992532848,tmr21,https://scontent-dfw5-2.xx.fbcdn.net/v/t39.30808-1/452896862_122162154926166417_2954753141440090728_n.jpg?stp=cp0_dst-jpg_p40x40&_nc_cat=1&ccb=1-7&_nc_sid=f4b9fd&_nc_ohc=rp7cextoll0q7knvghgj6lj&_nc_ht=scontent-dfw5-2.xx&oh=00_aycuqdim7tqwzc6k9cp7egnououoledtm5obdllwvdqzaq&oe=66c1c7a1,https://www.facebook.com/people/tmr21/61554992532848/,domino chicken bacon ranch sandwich domino sandwich food chicken,242,10,29,2024 07 26t10:02:36.000z,https://www.facebook.com/reel/872679474716549/
100095209842873,ceylon spider,https://scontent-dfw5-2.xx.fbcdn.net/v/t39.30808-1/438060251_277029322147394_5094155639698897817_n.jpg?stp=cp0_dst-jpg_p40x40&_nc_cat=106&ccb=1-7&_nc_sid=f4b9fd&_nc_ohc=gjnl-mkv_74q7knvggdnmls&_nc_ht=scontent-dfw5-2.xx&oh=00_ayaz-h5fwzmxtx90t1udwjx2nh2xwbgrdxea3_ql-zcguq&oe=66c1d4fb,https://www.facebook.com/people/ceylon-spider/100095209842873/,"domino pizza දැන් අලුත් වෙලා ... ඔයාලටත් 2000 හේ pepperoni cheese delight medium   pizza   එක 1000 ට ගන්න ඕනෙ නම් spi0101 promo code එක use කරන්න 
 
 
 
 ceylonspider spiderman srilanka dominos dominospizza pizza offer promocode fypシ viralvideoシ",1069,19,69,2024 06 03t12:45:56.000z,https://www.facebook.com/100095209842873/videos/1131537711395185/
61556944134139,jim gaffigag,https://scontent.fbhz1-2.fna.fbcdn.net/v/t39.30808-1/409127949_122095000922231471_4043703775081792646_n.png?stp=cp0_dst-png_p40x40&_nc_cat=107&ccb=1-7&_nc_sid=f4b9fd&_nc_ohc=-akwmh8ofqkq7knvgfhcutg&_nc_ht=scontent.fbhz1-2.fna&oh=00_ayb2xwdxbx_dtpldkiqjsbhze7yhchsctetsw5vk_yxj2a&oe=66c1e7a0,https://www.facebook.com/people/jim-gaffigag/61556944134139/,delicious cardboard eat pizza domino jimgaffigan standupcomedy comedystandup standup comedyvideo comedyclub standupcomedian comedycentral livecomedy comedynight comedylife comedy comedyshow comedyreel reelcomedy,1168,52,5,2024 06 23t13:00:15.000z,https://www.facebook.com/reel/1186578272350621/
100093129708917,momlifewithlaura,https://scontent.fbhz1-2.fna.fbcdn.net/v/t39.30808-1/351999492_325230533434151_1082723424215824304_n.jpg?stp=cp0_dst-jpg_p40x40&_nc_cat=101&ccb=1-7&_nc_sid=f4b9fd&_nc_ohc=weai8on4co8q7knvgetfpig&_nc_ht=scontent.fbhz1-2.fna&oh=00_ayayg9eyxgatm232wtimjctaf0vsrpiuubudtxpvxcnrjw&oe=66c1f033,https://www.facebook.com/people/momlifewithlaura/100093129708917/,domino philly cheesesteak loaded tots dupe dupe dupe dupealert domino dominospizza momlife momcontent dinneridea diy momsoftiktok,5339,184,33,2023 08 23t03:03:06.000z,https://www.facebook.com/reel/200753989461002/
61562855927491,khola moner kotha,https://scontent.fbhz1-1.fna.fbcdn.net/v/t39.30808-1/453012127_122105874908428530_6613996641904945644_n.jpg?stp=cp0_dst-jpg_p40x40&_nc_cat=106&ccb=1-7&_nc_sid=f4b9fd&_nc_ohc=kpmuhlumfe4q7knvgfzifax&_nc_ht=scontent.fbhz1-1.fna&oh=00_aybttopndpq6d0qqhwg73cfto5nv6mcofsv2fqgp6ru4kq&oe=66c1c778,https://www.facebook.com/people/khola-moner-kotha/61562855927491/,আমাদের বাড়ির সামনে গেলাম domino   এ pizza   খেতে আর অল্প shop bengalivlogs#lifeinbangalore,18,7,5,2024 08 09t06:53:34.000z,https://www.facebook.com/61562855927491/videos/1030193378749340/
61555407302508,wind ivory,https://scontent.fbhz1-1.fna.fbcdn.net/v/t39.30808-1/428646877_122122936544180243_3946432577109411846_n.jpg?stp=cp0_dst-jpg_p40x40&_nc_cat=110&ccb=1-7&_nc_sid=f4b9fd&_nc_ohc=0lhf9w7yvgmq7knvgfbmzr_&_nc_ht=scontent.fbhz1-1.fna&oh=00_aya-irxuktqyeiijwyttkpvzvn6hcbcp2mwapzaocxpsmq&oe=66c1ccf9,https://www.facebook.com/people/wind-ivory/61555407302508/,""" want home hurry ""   uk customerservice domino sketch",562,8,9,2024 07 24t14:10:14.000z,https://www.facebook.com/reel/1160931644963635/
100083652004540,josh rincon,https://scontent-dfw5-2.xx.fbcdn.net/v/t39.30808-1/359317572_238495422282190_3547286398374047253_n.jpg?stp=cp0_dst-jpg_p40x40&_nc_cat=1&ccb=1-7&_nc_sid=f4b9fd&_nc_ohc=iaitagfx2_kq7knvgeusshx&_nc_ht=scontent-dfw5-2.xx&oh=00_aydbyfbnzgrchsqoxad-_ixm5oapxloese308zjesaiixg&oe=66c1befd,https://www.facebook.com/joshrinconofficial,save money dominos pizza   domino money moneyhack reelsviral moneytip,3960,1084,90,2023 04 07t00:52:03.000z,https://www.facebook.com/reel/214803677905664/
100010143609202,robin masi,https://scontent-dfw5-1.xx.fbcdn.net/v/t1.6435-1/185579191_1458662734481833_411024654003752676_n.jpg?stp=cp0_dst-jpg_p40x40&_nc_cat=105&ccb=1-7&_nc_sid=db5862&_nc_ohc=d7wfnqnioyiq7knvgff6oty&_nc_ht=scontent-dfw5-1.xx&oh=00_aycgfcxlwepbu1goxias8hq6kuftgiex2fkipcgdhsvj-w&oe=66e38ac4,https://www.facebook.com/people/robin-masi/100010143609202/,"domino pizza party @highlight 
  gunjan lama thankyou jesu",4,0,8,2024 08 10t11:44:12.000z,https://www.facebook.com/reel/1178247296756710/
100044327684647,peggie neo,https://scontent-dfw5-2.xx.fbcdn.net/v/t39.30808-1/279276242_549256366561948_4161586021543284040_n.jpg?stp=cp0_dst-jpg_p40x40&_nc_cat=107&ccb=1-7&_nc_sid=f4b9fd&_nc_ohc=icwcak5qekoq7knvggxdnyn&_nc_ht=scontent-dfw5-2.xx&oh=00_ayc4n38fdbt_i3fzbg3m3leqeyhgqt_apvapwu5eyudwkw&oe=66c1e7de,https://www.facebook.com/peggieeat,"mac cheese pizza   mac cheese top domino pizza quick easy recipe delicious 

 mukbang asmr recipe recipe macandcheese pizza pizzalover cheeselover cook cheesesausage fastfood foodie asmreate domino",577,9,13,2024 06 17t03:06:13.000z,https://www.facebook.com/peggieeats/videos/975427357385450/
100063538458115,naresh bukya page,https://scontent-dfw5-1.xx.fbcdn.net/v/t39.30808-1/240527876_266490112145602_1907753212397706688_n.jpg?stp=c528.48.968.967a_cp0_dst-jpg_s40x40&_nc_cat=110&ccb=1-7&_nc_sid=f4b9fd&_nc_ohc=r2iwf6lb8ykq7knvggmra-i&_nc_ht=scontent-dfw5-1.xx&oh=00_aydqz7inqp5ioiw60nnuxhdccwgimdghzs96js1m7isxaw&oe=66c1be03,https://www.facebook.com/people/naresh-bukya-page/100063538458115/,follow @naresh_bukya nbshowtelugu telugu telugufact fact sciencefact factsdaily trend viral science interestingreel informativereel ohhfact dominospizza domino dominosindia dominopizza,10000,297,34,2022 05 16t09:25:04.000z,https://www.facebook.com/reel/755318032295470/
100090968376690,whiskey b,https://scontent-dfw5-1.xx.fbcdn.net/v/t39.30808-1/422289800_317536374621973_5825390771563399251_n.jpg?stp=c0.0.40.40a_cp0_dst-jpg_p40x40&_nc_cat=103&ccb=1-7&_nc_sid=f4b9fd&_nc_ohc=6b1vatlyddqq7knvgh8vkyp&_nc_ht=scontent-dfw5-1.xx&oh=00_ayby6ykswivnmscy5nsomdwwmgo1iwikejbdhmnyydfp_w&oe=66c1d334,https://www.facebook.com/whiskeyb333,tip pizza guy 100 smallgesture ceooftip bekindchallenge domino fouryou fyp passitforward,163,0,4,2024 08 06t15:24:42.000z,https://www.facebook.com/reel/1947585162373413/
100092843915929,jefzkie,https://scontent-lga3-1.xx.fbcdn.net/v/t39.30808-1/431502616_296958880075574_3485504294752779522_n.jpg?stp=cp0_dst-jpg_p40x40&_nc_cat=106&ccb=1-7&_nc_sid=f4b9fd&_nc_ohc=6-k-ng915aeq7knvgfiinjv&_nc_ht=scontent-lga3-1.xx&oh=00_aycucr88utprp5q5difidwa1cyuyjatlvzvddj_ih9etpg&oe=66c1f534,https://www.facebook.com/people/jefzkie/100092843915929/,"domino play .. 
 everyonehighlightsfollower fb fbpost dominospuzzle fbreel 
 domino",10,12,17,2024 07 26t16:00:33.000z,https://www.facebook.com/reel/1076299500800132/
